Path;SteerAngle;Throttle;Brake;Speed;X_Position;Y_Position;Pitch;Yaw;Roll
/home/mohit/RoboND-Rover-Project/my_testdata/IMG/robocam_2017_09_14_12_06_45_934.jpg;0;0;1;0;114.5428;10.21956;0.0003347041;100.4733;1.876374E-06
/home/mohit/RoboND-Rover-Project/my_testdata/IMG/robocam_2017_09_14_12_06_45_983.jpg;0;0;0;0;114.5428;10.21956;0.0003329725;100.4733;4.031096E-06
/home/mohit/RoboND-Rover-Project/my_testdata/IMG/robocam_2017_09_14_12_06_46_042.jpg;0;0;0;0;114.5428;10.21956;0.0003294797;100.4733;5.677436E-06
/home/mohit/RoboND-Rover-Project/my_testdata/IMG/robocam_2017_09_14_12_06_46_109.jpg;0;0;0;0;114.5428;10.21956;0.0003225787;100.4733;7.555765E-06
/home/mohit/RoboND-Rover-Project/my_testdata/IMG/robocam_2017_09_14_12_06_46_176.jpg;0;0;0;0;114.5428;10.21956;0.000315816;100.4733;8.604255E-06
/home/mohit/RoboND-Rover-Project/my_testdata/IMG/robocam_2017_09_14_12_06_46_243.jpg;0;0;0;0;114.5428;10.21956;0.0003077487;100.4733;9.450804E-06
/home/mohit/RoboND-Rover-Project/my_testdata/IMG/robocam_2017_09_14_12_06_46_309.jpg;0;0.2003224;0;0;114.5426;10.22014;0.0137975;100.4073;0.0001398367
/home/mohit/RoboND-Rover-Project/my_testdata/IMG/robocam_2017_09_14_12_06_46_376.jpg;0;0.3999002;0;0.01631297;114.5423;10.22173;0.04755698;100.4101;0.000112749
/home/mohit/RoboND-Rover-Project/my_testdata/IMG/robocam_2017_09_14_12_06_46_442.jpg;0;0.6000481;0;0.04196865;114.5416;10.22596;0.1362847;100.4757;-9.619321E-05
/home/mohit/RoboND-Rover-Project/my_testdata/IMG/robocam_2017_09_14_12_06_46_509.jpg;0;0.8003197;0;0.08100772;114.5397;10.2362;0.3410301;100.7445;-0.001396451
/home/mohit/RoboND-Rover-Project/my_testdata/IMG/robocam_2017_09_14_12_06_46_576.jpg;0;1;0;0.1148166;114.5375;10.24765;0.5444099;100.8398;-0.001088057
/home/mohit/RoboND-Rover-Project/my_testdata/IMG/robocam_2017_09_14_12_06_46_642.jpg;0;1;0;0.1905117;114.5346;10.26284;0.7833767;100.9159;-0.0007366553
/home/mohit/RoboND-Rover-Project/my_testdata/IMG/robocam_2017_09_14_12_06_46_710.jpg;0;1;0;0.2289413;114.53;10.28762;1.11822;100.775;-0.0002800844
/home/mohit/RoboND-Rover-Project/my_testdata/IMG/robocam_2017_09_14_12_06_46_776.jpg;0;1;0;0.286567;114.5261;10.30814;1.304248;100.7077;-0.001808334
/home/mohit/RoboND-Rover-Project/my_testdata/IMG/robocam_2017_09_14_12_06_46_843.jpg;0;1;0;0.353077;114.5223;10.32852;1.269438;100.6462;-0.0008093625
/home/mohit/RoboND-Rover-Project/my_testdata/IMG/robocam_2017_09_14_12_06_46_909.jpg;0;1;0;0.4073533;114.5164;10.35932;1.118955;100.63;-0.001298464
/home/mohit/RoboND-Rover-Project/my_testdata/IMG/robocam_2017_09_14_12_06_46_976.jpg;0;1;0;0.4569224;114.5113;10.3867;1.073031;100.6822;-0.00128753
/home/mohit/RoboND-Rover-Project/my_testdata/IMG/robocam_2017_09_14_12_06_47_042.jpg;0;1;0;0.5244032;114.5055;10.41845;1.097818;100.6401;-0.0009348402
/home/mohit/RoboND-Rover-Project/my_testdata/IMG/robocam_2017_09_14_12_06_47_108.jpg;0;1;0;0.5799833;114.4967;10.46591;1.189398;100.5743;5.362587E-05
/home/mohit/RoboND-Rover-Project/my_testdata/IMG/robocam_2017_09_14_12_06_47_176.jpg;0;1;0;0.618327;114.4896;10.50475;1.249748;100.5285;-0.001410516
/home/mohit/RoboND-Rover-Project/my_testdata/IMG/robocam_2017_09_14_12_06_47_242.jpg;0;1;0;0.6943453;114.4824;10.54467;1.228164;100.4537;4.256506E-06
/home/mohit/RoboND-Rover-Project/my_testdata/IMG/robocam_2017_09_14_12_06_47_310.jpg;0;1;0;0.734736;114.4719;10.60299;1.195274;100.346;-0.0002614851
/home/mohit/RoboND-Rover-Project/my_testdata/IMG/robocam_2017_09_14_12_06_47_376.jpg;0;1;0;0.8006306;114.4634;10.65092;1.200825;100.3505;-0.001017561
/home/mohit/RoboND-Rover-Project/my_testdata/IMG/robocam_2017_09_14_12_06_47_442.jpg;0;1;0;0.8533689;114.4543;10.70164;1.201875;100.3926;-0.001299876
/home/mohit/RoboND-Rover-Project/my_testdata/IMG/robocam_2017_09_14_12_06_47_509.jpg;0;1;0;0.904741;114.4413;10.77399;1.211526;100.4014;-0.001040869
/home/mohit/RoboND-Rover-Project/my_testdata/IMG/robocam_2017_09_14_12_06_47_575.jpg;0;1;0;0.958689;114.4309;10.83177;1.220059;100.3876;-0.0006363657
/home/mohit/RoboND-Rover-Project/my_testdata/IMG/robocam_2017_09_14_12_06_47_642.jpg;0;1;0;1.024056;114.4201;10.89227;1.220072;100.3937;-0.001007841
/home/mohit/RoboND-Rover-Project/my_testdata/IMG/robocam_2017_09_14_12_06_47_709.jpg;0;1;0;1.072012;114.4048;10.97722;1.218759;100.3777;-0.0002157601
/home/mohit/RoboND-Rover-Project/my_testdata/IMG/robocam_2017_09_14_12_06_47_775.jpg;0;1;0;1.114326;114.3928;11.0441;1.221729;100.3226;-0.0005002249
/home/mohit/RoboND-Rover-Project/my_testdata/IMG/robocam_2017_09_14_12_06_47_842.jpg;0;1;0;1.178986;114.3804;11.11375;1.223047;100.2802;-0.0006094797
/home/mohit/RoboND-Rover-Project/my_testdata/IMG/robocam_2017_09_14_12_06_47_910.jpg;0;1;0;1.224518;114.3631;11.21105;1.230767;100.2371;-0.0006277484
/home/mohit/RoboND-Rover-Project/my_testdata/IMG/robocam_2017_09_14_12_06_47_976.jpg;0;1;0;1.272738;114.3496;11.28719;1.231738;100.2205;-0.0009282731
/home/mohit/RoboND-Rover-Project/my_testdata/IMG/robocam_2017_09_14_12_06_48_041.jpg;0;1;0;1.335856;114.3357;11.36624;1.235366;100.1948;-0.0008793644
/home/mohit/RoboND-Rover-Project/my_testdata/IMG/robocam_2017_09_14_12_06_48_110.jpg;0;1;0;1.38308;114.3164;11.47609;1.244695;100.165;-0.0008948992
/home/mohit/RoboND-Rover-Project/my_testdata/IMG/robocam_2017_09_14_12_06_48_175.jpg;0;1;0;1.429972;114.3014;11.56161;1.245804;100.1513;-0.0008689868
/home/mohit/RoboND-Rover-Project/my_testdata/IMG/robocam_2017_09_14_12_06_48_242.jpg;0;1;0;1.492927;114.2859;11.65;1.251401;100.1408;-0.0009677897
/home/mohit/RoboND-Rover-Project/my_testdata/IMG/robocam_2017_09_14_12_06_48_309.jpg;0;1;0;1.540744;114.2645;11.77212;1.256169;100.1252;-0.0009764048
/home/mohit/RoboND-Rover-Project/my_testdata/IMG/robocam_2017_09_14_12_06_48_375.jpg;0;1;0;1.586238;114.248;11.86696;1.261409;100.1128;-0.0009736511
/home/mohit/RoboND-Rover-Project/my_testdata/IMG/robocam_2017_09_14_12_06_48_442.jpg;0;1;0;1.648006;114.231;11.96448;1.264215;100.1028;-0.0009794567
/home/mohit/RoboND-Rover-Project/my_testdata/IMG/robocam_2017_09_14_12_06_48_509.jpg;0;1;0;1.69493;114.2076;12.09879;1.269864;100.0888;-0.00103396
/home/mohit/RoboND-Rover-Project/my_testdata/IMG/robocam_2017_09_14_12_06_48_575.jpg;-1.993976;1;0;1.740758;114.19;12.20272;1.271084;99.98621;-0.0003998779
/home/mohit/RoboND-Rover-Project/my_testdata/IMG/robocam_2017_09_14_12_06_48_642.jpg;-6.064024;1;0;1.800084;114.1739;12.3096;1.272126;99.56754;0.0009988878
/home/mohit/RoboND-Rover-Project/my_testdata/IMG/robocam_2017_09_14_12_06_48_708.jpg;-2.101092;1;0;1.846554;114.1529;12.4565;1.275779;98.9942;0.000861004
/home/mohit/RoboND-Rover-Project/my_testdata/IMG/robocam_2017_09_14_12_06_48_776.jpg;-6.116896;1;0;1.890032;114.1381;12.56991;1.27757;98.46091;0.001533132
/home/mohit/RoboND-Rover-Project/my_testdata/IMG/robocam_2017_09_14_12_06_48_841.jpg;-6.091146;1;0;1.948149;114.1254;12.68612;1.274662;97.63437;0.001247232
/home/mohit/RoboND-Rover-Project/my_testdata/IMG/robocam_2017_09_14_12_06_48_909.jpg;-2.138772;1;0;1.994337;114.1079;12.84559;1.288668;96.95358;0.001173108
/home/mohit/RoboND-Rover-Project/my_testdata/IMG/robocam_2017_09_14_12_06_48_974.jpg;0;1;0;2.03766;114.0938;12.96821;1.300176;96.82291;-0.0006359048
/home/mohit/RoboND-Rover-Project/my_testdata/IMG/robocam_2017_09_14_12_06_49_041.jpg;0;1;0;2.097415;114.0793;13.0934;1.3058;96.78992;-0.001133752
/home/mohit/RoboND-Rover-Project/my_testdata/IMG/robocam_2017_09_14_12_06_49_108.jpg;0;1;0;2.142775;114.0596;13.26437;1.30663;96.77011;-0.001183098
/home/mohit/RoboND-Rover-Project/my_testdata/IMG/robocam_2017_09_14_12_06_49_175.jpg;0;1;0;2.186859;114.0446;13.39574;1.311229;96.75998;-0.001218747
/home/mohit/RoboND-Rover-Project/my_testdata/IMG/robocam_2017_09_14_12_06_49_240.jpg;0;1;0;2.245731;114.0292;13.52975;1.315344;96.74725;-0.001216654
/home/mohit/RoboND-Rover-Project/my_testdata/IMG/robocam_2017_09_14_12_06_49_308.jpg;0;1;0;2.288993;114.0084;13.71244;1.317504;96.73221;-0.001230059
/home/mohit/RoboND-Rover-Project/my_testdata/IMG/robocam_2017_09_14_12_06_49_375.jpg;0;1;0;2.333421;113.9924;13.85257;1.322523;96.72052;-0.001264162
/home/mohit/RoboND-Rover-Project/my_testdata/IMG/robocam_2017_09_14_12_06_49_442.jpg;0;1;0;2.391382;113.9762;13.99527;1.326586;96.71069;-0.001282758
/home/mohit/RoboND-Rover-Project/my_testdata/IMG/robocam_2017_09_14_12_06_49_508.jpg;0;1;0;2.434993;113.9542;14.18953;1.328452;96.69379;-0.001285902
/home/mohit/RoboND-Rover-Project/my_testdata/IMG/robocam_2017_09_14_12_06_49_575.jpg;0;1;0;2.478148;113.9373;14.33829;1.333021;96.68228;-0.001306701
/home/mohit/RoboND-Rover-Project/my_testdata/IMG/robocam_2017_09_14_12_06_49_642.jpg;0;1;0;2.53549;113.9202;14.48964;1.338985;96.67105;-0.001337295
/home/mohit/RoboND-Rover-Project/my_testdata/IMG/robocam_2017_09_14_12_06_49_710.jpg;0;1;0;2.577869;113.8971;14.69525;1.33696;96.65567;-0.001313288
/home/mohit/RoboND-Rover-Project/my_testdata/IMG/robocam_2017_09_14_12_06_49_775.jpg;0;1;0;2.621345;113.8794;14.85254;1.339773;96.6445;-0.0009021651
/home/mohit/RoboND-Rover-Project/my_testdata/IMG/robocam_2017_09_14_12_06_49_841.jpg;0;1;0;2.677741;113.8614;15.01244;1.348924;96.62994;-0.001362053
/home/mohit/RoboND-Rover-Project/my_testdata/IMG/robocam_2017_09_14_12_06_49_909.jpg;0;1;0;2.720154;113.8371;15.22941;1.350705;96.61414;-0.0013698
/home/mohit/RoboND-Rover-Project/my_testdata/IMG/robocam_2017_09_14_12_06_49_975.jpg;0;1;0;2.762724;113.8186;15.39508;1.350699;96.60223;-0.0009395654
/home/mohit/RoboND-Rover-Project/my_testdata/IMG/robocam_2017_09_14_12_06_50_041.jpg;0;1;0;2.818513;113.7999;15.56334;1.355832;96.58716;-0.001400981
/home/mohit/RoboND-Rover-Project/my_testdata/IMG/robocam_2017_09_14_12_06_50_108.jpg;-2.068691;1;0;2.860438;113.775;15.79155;1.358778;96.46826;-0.0009780593
/home/mohit/RoboND-Rover-Project/my_testdata/IMG/robocam_2017_09_14_12_06_50_176.jpg;-6.039248;1;0;2.901214;113.7588;15.96564;1.351288;95.93039;0.001052662
/home/mohit/RoboND-Rover-Project/my_testdata/IMG/robocam_2017_09_14_12_06_50_241.jpg;-6.134748;1;0;2.954022;113.7457;16.14228;1.338329;94.97284;359.9911
/home/mohit/RoboND-Rover-Project/my_testdata/IMG/robocam_2017_09_14_12_06_50_309.jpg;-1.963019;1;0;2.995751;113.7286;16.38193;1.334337;94.11307;-0.001979758
/home/mohit/RoboND-Rover-Project/my_testdata/IMG/robocam_2017_09_14_12_06_50_375.jpg;0;1;0;3.037115;113.7153;16.56499;1.358956;93.93384;-0.002946544
/home/mohit/RoboND-Rover-Project/my_testdata/IMG/robocam_2017_09_14_12_06_50_441.jpg;0;1;0;3.09035;113.7021;16.75021;1.36821;93.88663;-0.002983292
/home/mohit/RoboND-Rover-Project/my_testdata/IMG/robocam_2017_09_14_12_06_50_512.jpg;0;1;0;3.132521;113.685;17.00106;1.378381;93.86716;-0.00246031
/home/mohit/RoboND-Rover-Project/my_testdata/IMG/robocam_2017_09_14_12_06_50_574.jpg;0;1;0;3.172949;113.6723;17.19204;1.383933;93.85944;-0.002251691
/home/mohit/RoboND-Rover-Project/my_testdata/IMG/robocam_2017_09_14_12_06_50_641.jpg;0;1;0;3.226963;113.6598;17.38539;1.385897;93.85223;-0.002114008
/home/mohit/RoboND-Rover-Project/my_testdata/IMG/robocam_2017_09_14_12_06_50_708.jpg;0;1;0;3.267975;113.643;17.64701;1.389914;93.84003;-0.001726378
/home/mohit/RoboND-Rover-Project/my_testdata/IMG/robocam_2017_09_14_12_06_50_774.jpg;0;1;0;3.307686;113.6304;17.84603;1.391438;93.82861;-0.001145395
/home/mohit/RoboND-Rover-Project/my_testdata/IMG/robocam_2017_09_14_12_06_50_841.jpg;0;1;0;3.361126;113.6177;18.04751;1.39621;93.81357;-0.001123366
/home/mohit/RoboND-Rover-Project/my_testdata/IMG/robocam_2017_09_14_12_06_50_908.jpg;0;1;0;3.400989;113.6008;18.31978;1.397957;93.7916;-0.001595924
/home/mohit/RoboND-Rover-Project/my_testdata/IMG/robocam_2017_09_14_12_06_50_981.jpg;0;1;0;3.441446;113.588;18.52681;1.400743;93.77585;-0.001604774
/home/mohit/RoboND-Rover-Project/my_testdata/IMG/robocam_2017_09_14_12_06_51_046.jpg;0;1;0;3.493586;113.575;18.73624;1.405088;93.75906;-0.001611352
/home/mohit/RoboND-Rover-Project/my_testdata/IMG/robocam_2017_09_14_12_06_51_108.jpg;0;1;0;3.533018;113.5577;19.01914;1.409294;93.73654;-0.00164248
/home/mohit/RoboND-Rover-Project/my_testdata/IMG/robocam_2017_09_14_12_06_51_175.jpg;0;1;0;3.573048;113.5446;19.23404;1.411367;93.71982;-0.00164489
/home/mohit/RoboND-Rover-Project/my_testdata/IMG/robocam_2017_09_14_12_06_51_241.jpg;0;1;0;3.62463;113.5314;19.45139;1.417847;93.70322;-0.00118903
/home/mohit/RoboND-Rover-Project/my_testdata/IMG/robocam_2017_09_14_12_06_51_307.jpg;0;1;0;3.663645;113.5137;19.74469;1.420336;93.67947;-0.001214499
/home/mohit/RoboND-Rover-Project/my_testdata/IMG/robocam_2017_09_14_12_06_51_374.jpg;0;1;0;3.702524;113.5004;19.96743;1.42395;93.66016;-0.00158081
/home/mohit/RoboND-Rover-Project/my_testdata/IMG/robocam_2017_09_14_12_06_51_440.jpg;0;1;0;3.754666;113.487;20.19246;1.42604;93.64163;-0.00159197
/home/mohit/RoboND-Rover-Project/my_testdata/IMG/robocam_2017_09_14_12_06_51_507.jpg;0;1;0;3.792544;113.469;20.49615;1.431819;93.61697;-0.00125235
/home/mohit/RoboND-Rover-Project/my_testdata/IMG/robocam_2017_09_14_12_06_51_573.jpg;0;1;0;3.831012;113.4555;20.72659;1.43534;93.59653;-0.001631813
/home/mohit/RoboND-Rover-Project/my_testdata/IMG/robocam_2017_09_14_12_06_51_640.jpg;0;1;0;3.882599;113.4418;20.95928;1.435799;93.57727;-0.001642719
/home/mohit/RoboND-Rover-Project/my_testdata/IMG/robocam_2017_09_14_12_06_51_707.jpg;0;1;0;3.920068;113.4282;21.19434;1.440895;93.55783;-0.001265753
/home/mohit/RoboND-Rover-Project/my_testdata/IMG/robocam_2017_09_14_12_06_51_774.jpg;0;1;0;3.958497;113.4099;21.51121;1.443585;93.52908;-0.001777671
/home/mohit/RoboND-Rover-Project/my_testdata/IMG/robocam_2017_09_14_12_06_51_840.jpg;0;1;0;3.996428;113.3961;21.75159;1.449396;93.50824;-0.001674622
/home/mohit/RoboND-Rover-Project/my_testdata/IMG/robocam_2017_09_14_12_06_51_906.jpg;0;1;0;4.046602;113.3823;21.9942;1.453603;93.48813;-0.001213793
/home/mohit/RoboND-Rover-Project/my_testdata/IMG/robocam_2017_09_14_12_06_51_978.jpg;0;1;0;4.083564;113.3639;22.32116;1.45816;93.45914;-0.001221675
/home/mohit/RoboND-Rover-Project/my_testdata/IMG/robocam_2017_09_14_12_06_52_041.jpg;0;1;0;4.120775;113.35;22.56894;1.458474;93.43704;-0.001349579
/home/mohit/RoboND-Rover-Project/my_testdata/IMG/robocam_2017_09_14_12_06_52_107.jpg;0;1;0;4.170416;113.3314;22.90288;1.463654;93.40567;-0.001739878
/home/mohit/RoboND-Rover-Project/my_testdata/IMG/robocam_2017_09_14_12_06_52_176.jpg;0;1;0;4.208028;113.3175;23.15592;1.466836;93.38364;-0.001382346
/home/mohit/RoboND-Rover-Project/my_testdata/IMG/robocam_2017_09_14_12_06_52_240.jpg;0;1;0;4.244829;113.3035;23.41115;1.46879;93.35889;-0.001884384
/home/mohit/RoboND-Rover-Project/my_testdata/IMG/robocam_2017_09_14_12_06_52_306.jpg;0;1;0;4.293936;113.2895;23.66869;1.475439;93.3364;-0.00128638
/home/mohit/RoboND-Rover-Project/my_testdata/IMG/robocam_2017_09_14_12_06_52_373.jpg;0;1;0;4.330114;113.2709;24.01536;1.477701;93.30417;-0.001307756
/home/mohit/RoboND-Rover-Project/my_testdata/IMG/robocam_2017_09_14_12_06_52_439.jpg;0;1;0;4.366871;113.2569;24.27793;1.480187;93.27762;-0.001928534
/home/mohit/RoboND-Rover-Project/my_testdata/IMG/robocam_2017_09_14_12_06_52_505.jpg;0;1;0;4.415458;113.2429;24.54276;1.485902;93.25403;-0.001328375
/home/mohit/RoboND-Rover-Project/my_testdata/IMG/robocam_2017_09_14_12_06_52_573.jpg;0;1;0;4.451592;113.2242;24.89914;1.488401;93.21957;-0.001444592
/home/mohit/RoboND-Rover-Project/my_testdata/IMG/robocam_2017_09_14_12_06_52_639.jpg;0;1;0;4.487609;113.2103;25.16898;1.491457;93.19351;-0.00145132
/home/mohit/RoboND-Rover-Project/my_testdata/IMG/robocam_2017_09_14_12_06_52_706.jpg;0;1;0;4.535005;113.1963;25.44098;1.494736;93.16687;-0.001471246
/home/mohit/RoboND-Rover-Project/my_testdata/IMG/robocam_2017_09_14_12_06_52_773.jpg;0;1;0;4.571314;113.1777;25.80696;1.495827;93.12122;-0.001305952
/home/mohit/RoboND-Rover-Project/my_testdata/IMG/robocam_2017_09_14_12_06_52_839.jpg;0;1;0;4.606997;113.1639;26.08401;1.501107;93.08612;-0.001344878
/home/mohit/RoboND-Rover-Project/my_testdata/IMG/robocam_2017_09_14_12_06_52_906.jpg;0;1;0;4.654541;113.15;26.36301;1.494939;93.05273;-0.001373379
/home/mohit/RoboND-Rover-Project/my_testdata/IMG/robocam_2017_09_14_12_06_52_973.jpg;0.03619194;1;0;4.689547;113.1308;26.7385;1.501282;93.14035;-0.00206514
/home/mohit/RoboND-Rover-Project/my_testdata/IMG/robocam_2017_09_14_12_06_53_038.jpg;0;1;0;4.724288;113.1164;27.02256;1.504493;93.14441;-0.002011143
/home/mohit/RoboND-Rover-Project/my_testdata/IMG/robocam_2017_09_14_12_06_53_106.jpg;3.993287;1;0;4.771552;113.1012;27.30852;1.498501;93.28049;-0.002405296
/home/mohit/RoboND-Rover-Project/my_testdata/IMG/robocam_2017_09_14_12_06_53_173.jpg;7.988448;1;0;4.80532;113.0755;27.69222;1.468209;94.10416;0.03733628
/home/mohit/RoboND-Rover-Project/my_testdata/IMG/robocam_2017_09_14_12_06_53_239.jpg;12.01451;1;0;4.83873;113.05;27.98047;1.37054;95.32507;0.1164098
/home/mohit/RoboND-Rover-Project/my_testdata/IMG/robocam_2017_09_14_12_06_53_309.jpg;15;1;0;4.880198;113.0035;28.36379;1.102559;97.72467;0.3388124
/home/mohit/RoboND-Rover-Project/my_testdata/IMG/robocam_2017_09_14_12_06_53_373.jpg;10.98955;1;0;4.911076;112.9599;28.65043;0.8055604;99.58481;0.5607719
/home/mohit/RoboND-Rover-Project/my_testdata/IMG/robocam_2017_09_14_12_06_53_439.jpg;7.034769;1;0;4.943741;112.9099;28.93712;0.4676194;101.0499;0.8185784
/home/mohit/RoboND-Rover-Project/my_testdata/IMG/robocam_2017_09_14_12_06_53_505.jpg;2.992744;1;0;4.986926;112.8546;29.22447;0.110475;102.05;1.07753
/home/mohit/RoboND-Rover-Project/my_testdata/IMG/robocam_2017_09_14_12_06_53_573.jpg;0;1;0;5.010576;112.7777;29.6127;359.8422;102.5393;1.196821
/home/mohit/RoboND-Rover-Project/my_testdata/IMG/robocam_2017_09_14_12_06_53_640.jpg;0;1;0;5.010291;112.7189;29.90875;359.9197;102.4611;1.047091
/home/mohit/RoboND-Rover-Project/my_testdata/IMG/robocam_2017_09_14_12_06_53_706.jpg;0;1;0;5.011447;112.656;30.20732;0.1515801;102.479;0.8955846
/home/mohit/RoboND-Rover-Project/my_testdata/IMG/robocam_2017_09_14_12_06_53_773.jpg;0;1;0;5.011499;112.5702;30.60399;0.4388604;102.4693;0.7000257
/home/mohit/RoboND-Rover-Project/my_testdata/IMG/robocam_2017_09_14_12_06_53_839.jpg;0;1;0;5.011605;112.5052;30.90175;0.6719916;102.4507;0.5480385
/home/mohit/RoboND-Rover-Project/my_testdata/IMG/robocam_2017_09_14_12_06_53_906.jpg;0;1;0;5.017083;112.4402;31.19975;0.9151205;102.4312;0.380139
/home/mohit/RoboND-Rover-Project/my_testdata/IMG/robocam_2017_09_14_12_06_53_973.jpg;0;1;0;5.008214;112.3538;31.59723;1.247876;102.3958;0.1514742
/home/mohit/RoboND-Rover-Project/my_testdata/IMG/robocam_2017_09_14_12_06_54_039.jpg;0;1;0;5.017687;112.2888;31.89557;1.495005;102.3731;-0.003099639
/home/mohit/RoboND-Rover-Project/my_testdata/IMG/robocam_2017_09_14_12_06_54_109.jpg;-3.989038;1;0;5.006288;112.2025;32.28628;1.466235;102.019;-0.004682093
/home/mohit/RoboND-Rover-Project/my_testdata/IMG/robocam_2017_09_14_12_06_54_172.jpg;-7.97297;1;0;5.083488;112.1435;32.57603;1.276416;101.3021;-0.001586478
/home/mohit/RoboND-Rover-Project/my_testdata/IMG/robocam_2017_09_14_12_06_54_239.jpg;-3.947268;1;0;4.98822;112.0875;32.86876;1.158626;100.5754;359.9591
/home/mohit/RoboND-Rover-Project/my_testdata/IMG/robocam_2017_09_14_12_06_54_305.jpg;0;1;0;5.012134;112.0325;33.16299;1.07566;100.1752;359.8941
/home/mohit/RoboND-Rover-Project/my_testdata/IMG/robocam_2017_09_14_12_06_54_373.jpg;-3.916626;1;0;5.010793;111.962;33.55659;1.009383;99.80099;359.7635
/home/mohit/RoboND-Rover-Project/my_testdata/IMG/robocam_2017_09_14_12_06_54_438.jpg;-7.924747;1;0;5.009996;111.914;33.85218;0.9667623;98.79309;359.6102
/home/mohit/RoboND-Rover-Project/my_testdata/IMG/robocam_2017_09_14_12_06_54_504.jpg;-11.8944;1;0;5.010221;111.871;34.14791;0.8647586;97.65118;359.4585
/home/mohit/RoboND-Rover-Project/my_testdata/IMG/robocam_2017_09_14_12_06_54_572.jpg;-15;1;0;5.009305;111.8267;34.5398;0.5194725;95.28439;359.2273
/home/mohit/RoboND-Rover-Project/my_testdata/IMG/robocam_2017_09_14_12_06_54_637.jpg;-11.05278;1;0;5.009792;111.8038;34.83359;0.2119826;93.46497;358.9677
/home/mohit/RoboND-Rover-Project/my_testdata/IMG/robocam_2017_09_14_12_06_54_704.jpg;-11.15497;1;0;5.009955;111.7867;35.12774;359.9037;91.95511;358.7557
/home/mohit/RoboND-Rover-Project/my_testdata/IMG/robocam_2017_09_14_12_06_54_771.jpg;-11.16932;1;0;5.009631;111.7707;35.52686;359.882;90.44104;358.7051
/home/mohit/RoboND-Rover-Project/my_testdata/IMG/robocam_2017_09_14_12_06_54_845.jpg;-11.08887;1;0;5.002373;111.7662;35.83025;0.07781669;89.24496;358.7891
/home/mohit/RoboND-Rover-Project/my_testdata/IMG/robocam_2017_09_14_12_06_54_904.jpg;-7.094178;1;0;5.008648;111.7695;36.13184;0.148656;87.89026;358.9079
/home/mohit/RoboND-Rover-Project/my_testdata/IMG/robocam_2017_09_14_12_06_54_971.jpg;-3.116355;1;0;5.018271;111.7841;36.53139;0.1031757;86.47472;359.0233
/home/mohit/RoboND-Rover-Project/my_testdata/IMG/robocam_2017_09_14_12_06_55_037.jpg;0;1;0;5.011394;111.8013;36.83142;0.1023399;86.01337;359.0229
/home/mohit/RoboND-Rover-Project/my_testdata/IMG/robocam_2017_09_14_12_06_55_104.jpg;2.027464;1;0;5.011611;111.8201;37.13182;0.121505;85.87101;359.0405
/home/mohit/RoboND-Rover-Project/my_testdata/IMG/robocam_2017_09_14_12_06_55_171.jpg;0;1;0;5.011646;111.8467;37.53306;0.1890367;85.85443;359.1003
/home/mohit/RoboND-Rover-Project/my_testdata/IMG/robocam_2017_09_14_12_06_55_238.jpg;0;1;0;5.011117;111.8676;37.83484;0.2922674;85.85348;359.1612
/home/mohit/RoboND-Rover-Project/my_testdata/IMG/robocam_2017_09_14_12_06_55_304.jpg;0;1;0;5.005772;111.8888;38.13731;0.4295833;85.85145;359.2448
/home/mohit/RoboND-Rover-Project/my_testdata/IMG/robocam_2017_09_14_12_06_55_370.jpg;0;1;0;5.016917;111.9169;38.54069;0.6252517;85.86139;359.4066
/home/mohit/RoboND-Rover-Project/my_testdata/IMG/robocam_2017_09_14_12_06_55_438.jpg;0;1;0;5.007339;111.9381;38.84346;0.790288;85.88067;359.5438
/home/mohit/RoboND-Rover-Project/my_testdata/IMG/robocam_2017_09_14_12_06_55_504.jpg;0;1;0;5.008789;111.9592;39.14686;0.9813061;85.90288;359.6848
/home/mohit/RoboND-Rover-Project/my_testdata/IMG/robocam_2017_09_14_12_06_55_571.jpg;0;1;0;5.018728;111.987;39.55183;1.254492;85.93761;359.8818
/home/mohit/RoboND-Rover-Project/my_testdata/IMG/robocam_2017_09_14_12_06_55_637.jpg;0;1;0;4.990297;112.008;39.85487;1.442445;85.99272;-0.001550284
/home/mohit/RoboND-Rover-Project/my_testdata/IMG/robocam_2017_09_14_12_06_55_704.jpg;0;1;0;5.018785;112.0309;40.15706;1.570418;85.95976;-0.004080713
/home/mohit/RoboND-Rover-Project/my_testdata/IMG/robocam_2017_09_14_12_06_55_771.jpg;0;1;0;5.003327;112.0607;40.5509;1.280141;85.91635;-0.0005578702
/home/mohit/RoboND-Rover-Project/my_testdata/IMG/robocam_2017_09_14_12_06_55_840.jpg;0;1;0;4.984143;112.0833;40.84737;1.133044;85.88271;-0.00079673
/home/mohit/RoboND-Rover-Project/my_testdata/IMG/robocam_2017_09_14_12_06_55_905.jpg;-1.842656;1;0;5.010854;112.1061;41.14553;1.029615;85.82479;-0.001074838
/home/mohit/RoboND-Rover-Project/my_testdata/IMG/robocam_2017_09_14_12_06_55_973.jpg;-5.823469;1;0;5.014703;112.1395;41.54401;0.9598626;85.28545;-0.001485948
/home/mohit/RoboND-Rover-Project/my_testdata/IMG/robocam_2017_09_14_12_06_56_039.jpg;-9.867539;1;0;4.999419;112.1692;41.8428;0.9362908;84.34561;359.9608
/home/mohit/RoboND-Rover-Project/my_testdata/IMG/robocam_2017_09_14_12_06_56_104.jpg;-5.896683;1;0;5.019812;112.2034;42.14136;0.9339957;83.31623;359.8418
/home/mohit/RoboND-Rover-Project/my_testdata/IMG/robocam_2017_09_14_12_06_56_172.jpg;-1.75561;1;0;5.01233;112.2521;42.53957;0.9405534;82.4207;359.6771
/home/mohit/RoboND-Rover-Project/my_testdata/IMG/robocam_2017_09_14_12_06_56_238.jpg;0;1;0;5.011824;112.2898;42.8381;0.9507591;82.16555;359.5756
/home/mohit/RoboND-Rover-Project/my_testdata/IMG/robocam_2017_09_14_12_06_56_304.jpg;0;1;0;5.011729;112.3273;43.1359;0.9155996;82.07852;359.5522
/home/mohit/RoboND-Rover-Project/my_testdata/IMG/robocam_2017_09_14_12_06_56_371.jpg;0;1;0;5.000681;112.3797;43.53267;0.8855312;82.09016;359.5261
/home/mohit/RoboND-Rover-Project/my_testdata/IMG/robocam_2017_09_14_12_06_56_437.jpg;1.89271;1;0;5.01121;112.4188;43.83084;0.8875901;82.19728;359.5497
/home/mohit/RoboND-Rover-Project/my_testdata/IMG/robocam_2017_09_14_12_06_56_504.jpg;5.979781;1;0;4.986244;112.4556;44.12978;0.9200436;82.62585;359.6351
/home/mohit/RoboND-Rover-Project/my_testdata/IMG/robocam_2017_09_14_12_06_56_573.jpg;9.907808;1;0;5.004587;112.4969;44.53049;1.030642;83.93008;359.9067
/home/mohit/RoboND-Rover-Project/my_testdata/IMG/robocam_2017_09_14_12_06_56_641.jpg;13.98421;1;0;5.013585;112.5208;44.83172;1.111322;85.44073;0.1668202
/home/mohit/RoboND-Rover-Project/my_testdata/IMG/robocam_2017_09_14_12_06_56_704.jpg;15;1;0;5.009132;112.5374;45.13164;1.108139;87.31234;0.4675409
/home/mohit/RoboND-Rover-Project/my_testdata/IMG/robocam_2017_09_14_12_06_56_772.jpg;15;1;0;5.007495;112.5483;45.52658;0.8266964;90.19397;0.8196718
/home/mohit/RoboND-Rover-Project/my_testdata/IMG/robocam_2017_09_14_12_06_56_838.jpg;15;1;0;5.006352;112.545;45.81897;0.4147592;92.47089;1.111923
/home/mohit/RoboND-Rover-Project/my_testdata/IMG/robocam_2017_09_14_12_06_56_904.jpg;11.05063;1;0;5.004643;112.5332;46.10826;359.8496;94.47357;1.377624
/home/mohit/RoboND-Rover-Project/my_testdata/IMG/robocam_2017_09_14_12_06_56_969.jpg;15;1;0;5.000623;112.5095;46.5;359.4653;96.49374;1.355024
/home/mohit/RoboND-Rover-Project/my_testdata/IMG/robocam_2017_09_14_12_06_57_036.jpg;15;1;0;4.99907;112.481;46.79947;359.5089;98.09732;1.19596
/home/mohit/RoboND-Rover-Project/my_testdata/IMG/robocam_2017_09_14_12_06_57_103.jpg;15;1;0;5.015321;112.4392;47.10164;359.8087;99.86993;1.094965
/home/mohit/RoboND-Rover-Project/my_testdata/IMG/robocam_2017_09_14_12_06_57_169.jpg;15;1;0;5.031106;112.3615;47.50427;0.3786497;102.6575;1.127368
/home/mohit/RoboND-Rover-Project/my_testdata/IMG/robocam_2017_09_14_12_06_57_236.jpg;15;1;0;5.007102;112.2916;47.79888;0.565524;105.0986;1.209347
/home/mohit/RoboND-Rover-Project/my_testdata/IMG/robocam_2017_09_14_12_06_57_303.jpg;15;1;0;5.005826;112.213;48.0873;0.5416588;107.4775;1.289972
/home/mohit/RoboND-Rover-Project/my_testdata/IMG/robocam_2017_09_14_12_06_57_371.jpg;15;1;0;5.002785;112.0971;48.46349;0.2090028;110.178;1.223265
/home/mohit/RoboND-Rover-Project/my_testdata/IMG/robocam_2017_09_14_12_06_57_437.jpg;15;1;0;5.006905;111.9964;48.74028;359.8827;112.3368;1.198348
/home/mohit/RoboND-Rover-Project/my_testdata/IMG/robocam_2017_09_14_12_06_57_503.jpg;15;1;0;5.008317;111.8832;49.01671;359.8356;114.2277;1.217371
/home/mohit/RoboND-Rover-Project/my_testdata/IMG/robocam_2017_09_14_12_06_57_569.jpg;13.03807;1;0;5.00217;111.7147;49.3838;0.07097461;116.5406;1.255769
/home/mohit/RoboND-Rover-Project/my_testdata/IMG/robocam_2017_09_14_12_06_57_636.jpg;8.818145;1;0;5.014617;111.5822;49.65244;0.04798732;118.1212;1.194676
/home/mohit/RoboND-Rover-Project/my_testdata/IMG/robocam_2017_09_14_12_06_57_703.jpg;5.055728;1;0;5.022262;111.4437;49.91758;359.9716;119.3846;1.083397
/home/mohit/RoboND-Rover-Project/my_testdata/IMG/robocam_2017_09_14_12_06_57_769.jpg;1.039739;1;0;5.012478;111.2473;50.26775;0.02280984;120.2849;1.084455
/home/mohit/RoboND-Rover-Project/my_testdata/IMG/robocam_2017_09_14_12_06_57_836.jpg;-1.997752;1;0;5.010037;111.0982;50.52945;0.05479848;120.4642;1.03383
/home/mohit/RoboND-Rover-Project/my_testdata/IMG/robocam_2017_09_14_12_06_57_903.jpg;-6.110458;1;0;5.012061;110.9491;50.79176;0.1073072;120.2095;0.9263611
/home/mohit/RoboND-Rover-Project/my_testdata/IMG/robocam_2017_09_14_12_06_57_970.jpg;-9.944272;1;0;5.010942;110.7546;51.14571;0.2614803;119.0324;0.641991
/home/mohit/RoboND-Rover-Project/my_testdata/IMG/robocam_2017_09_14_12_06_58_036.jpg;-13.95515;1;0;5.014571;110.6157;51.41586;0.429041;117.5111;0.2577357
/home/mohit/RoboND-Rover-Project/my_testdata/IMG/robocam_2017_09_14_12_06_58_103.jpg;-15;1;0;5.009191;110.4849;51.69034;0.6299214;115.5964;359.7148
/home/mohit/RoboND-Rover-Project/my_testdata/IMG/robocam_2017_09_14_12_06_58_169.jpg;-13.03452;1;0;5.009341;110.3209;52.05722;0.7339261;112.9221;359.0277
/home/mohit/RoboND-Rover-Project/my_testdata/IMG/robocam_2017_09_14_12_06_58_236.jpg;-9.048543;1;0;5.007687;110.2046;52.33116;0.6189306;111.1166;358.6362
/home/mohit/RoboND-Rover-Project/my_testdata/IMG/robocam_2017_09_14_12_06_58_302.jpg;-5.009222;1;0;5.004053;110.0922;52.60344;0.3285712;109.9095;358.4641
/home/mohit/RoboND-Rover-Project/my_testdata/IMG/robocam_2017_09_14_12_06_58_369.jpg;-1.076818;1;0;5.004215;109.9458;52.96544;359.7718;109.2961;358.6882
/home/mohit/RoboND-Rover-Project/my_testdata/IMG/robocam_2017_09_14_12_06_58_437.jpg;0;1;0;5.003171;109.8371;53.24408;359.651;109.2133;359.095
/home/mohit/RoboND-Rover-Project/my_testdata/IMG/robocam_2017_09_14_12_06_58_503.jpg;3.955808;1;0;5.01292;109.7325;53.52932;359.7977;109.1575;359.4263
/home/mohit/RoboND-Rover-Project/my_testdata/IMG/robocam_2017_09_14_12_06_58_569.jpg;3.879261;1;0;5.011422;109.5957;53.91133;0.07511038;109.4814;359.7723
/home/mohit/RoboND-Rover-Project/my_testdata/IMG/robocam_2017_09_14_12_06_58_636.jpg;7.93303;1;0;5.010943;109.4897;54.19748;0.3331083;110.1627;0.08088638
/home/mohit/RoboND-Rover-Project/my_testdata/IMG/robocam_2017_09_14_12_06_58_703.jpg;3.969898;1;0;5.011488;109.3814;54.48256;0.5809839;110.9622;0.3797648
/home/mohit/RoboND-Rover-Project/my_testdata/IMG/robocam_2017_09_14_12_06_58_770.jpg;0;1;0;5.011821;109.2375;54.86124;0.8302165;111.5488;0.6414047
/home/mohit/RoboND-Rover-Project/my_testdata/IMG/robocam_2017_09_14_12_06_58_836.jpg;0;1;0;5.009789;109.132;55.14281;0.8335279;111.7044;0.6308694
/home/mohit/RoboND-Rover-Project/my_testdata/IMG/robocam_2017_09_14_12_06_58_903.jpg;0;1;0;5.011603;109.026;55.42314;0.7227991;111.9994;0.4946152
/home/mohit/RoboND-Rover-Project/my_testdata/IMG/robocam_2017_09_14_12_06_58_969.jpg;0;1;0;4.992306;108.8805;55.79256;0.6035786;111.8523;0.4113479
/home/mohit/RoboND-Rover-Project/my_testdata/IMG/robocam_2017_09_14_12_06_59_036.jpg;0;1;0;5.007093;108.7695;56.07187;0.6022111;111.852;0.3602571
/home/mohit/RoboND-Rover-Project/my_testdata/IMG/robocam_2017_09_14_12_06_59_102.jpg;0;1;0;4.98759;108.6583;56.3518;0.6390773;111.8228;0.2968127
/home/mohit/RoboND-Rover-Project/my_testdata/IMG/robocam_2017_09_14_12_06_59_170.jpg;0;1;0;5.003386;108.5095;56.72612;0.7551624;111.7844;0.2047366
/home/mohit/RoboND-Rover-Project/my_testdata/IMG/robocam_2017_09_14_12_06_59_236.jpg;0;1;0;5.014535;108.3979;57.00757;0.8707914;111.7522;0.1198078
/home/mohit/RoboND-Rover-Project/my_testdata/IMG/robocam_2017_09_14_12_06_59_302.jpg;0;1;0;4.995235;108.2865;57.28941;1.005526;111.7128;0.02714301
/home/mohit/RoboND-Rover-Project/my_testdata/IMG/robocam_2017_09_14_12_06_59_369.jpg;0;1;0;5.004913;108.1366;57.66492;1.199511;111.7103;-0.004407825
/home/mohit/RoboND-Rover-Project/my_testdata/IMG/robocam_2017_09_14_12_06_59_435.jpg;0;1;0;5.017096;108.024;57.94653;1.336453;111.7193;-0.004422524
/home/mohit/RoboND-Rover-Project/my_testdata/IMG/robocam_2017_09_14_12_06_59_502.jpg;0;1;0;5.001934;107.9115;58.2284;1.474288;111.7224;-0.004363801
/home/mohit/RoboND-Rover-Project/my_testdata/IMG/robocam_2017_09_14_12_06_59_569.jpg;0;1;0;5.0138;107.7631;58.6012;1.485968;111.7588;-0.003615399
/home/mohit/RoboND-Rover-Project/my_testdata/IMG/robocam_2017_09_14_12_06_59_635.jpg;0;1;0;5.013501;107.6532;58.87934;1.391945;111.3989;0.008468624
/home/mohit/RoboND-Rover-Project/my_testdata/IMG/robocam_2017_09_14_12_06_59_703.jpg;0;1;0;5.003928;107.5443;59.15723;1.28523;111.9516;359.9834
/home/mohit/RoboND-Rover-Project/my_testdata/IMG/robocam_2017_09_14_12_06_59_770.jpg;0;1;0;5.016885;107.3987;59.52851;1.165648;111.8993;359.9858
/home/mohit/RoboND-Rover-Project/my_testdata/IMG/robocam_2017_09_14_12_06_59_836.jpg;0;1;0;5.01382;107.2888;59.80778;1.118955;111.2143;0.01048306
/home/mohit/RoboND-Rover-Project/my_testdata/IMG/robocam_2017_09_14_12_06_59_903.jpg;0;1;0;5.013813;107.1795;60.08763;1.097944;111.8527;359.9871
/home/mohit/RoboND-Rover-Project/my_testdata/IMG/robocam_2017_09_14_12_06_59_969.jpg;0;1;0;5.006254;107.0333;60.46125;1.109197;111.821;359.9871
/home/mohit/RoboND-Rover-Project/my_testdata/IMG/robocam_2017_09_14_12_07_00_034.jpg;0;1;0;5.008782;106.9234;60.74168;1.138044;111.1698;0.009526845
/home/mohit/RoboND-Rover-Project/my_testdata/IMG/robocam_2017_09_14_12_07_00_102.jpg;0;1;0;5.009038;106.8139;61.02267;1.183954;111.7679;359.9861
/home/mohit/RoboND-Rover-Project/my_testdata/IMG/robocam_2017_09_14_12_07_00_173.jpg;0;1;0;5.014164;106.6678;61.39757;1.259607;111.7371;359.9853
/home/mohit/RoboND-Rover-Project/my_testdata/IMG/robocam_2017_09_14_12_07_00_241.jpg;0;1;0;5.013687;106.558;61.67889;1.324406;111.0817;0.01138622
/home/mohit/RoboND-Rover-Project/my_testdata/IMG/robocam_2017_09_14_12_07_00_303.jpg;0;1;0;5.012808;106.4488;61.96046;1.389436;111.6942;359.984
/home/mohit/RoboND-Rover-Project/my_testdata/IMG/robocam_2017_09_14_12_07_00_370.jpg;0;1;0;5.00882;106.3032;62.33582;1.475369;111.6597;359.9831
/home/mohit/RoboND-Rover-Project/my_testdata/IMG/robocam_2017_09_14_12_07_00_436.jpg;0;1;0;5.00987;106.1951;62.61516;1.470273;111.3411;0.002987617
/home/mohit/RoboND-Rover-Project/my_testdata/IMG/robocam_2017_09_14_12_07_00_502.jpg;0;1;0;5.026694;106.0868;62.89737;1.496773;111.2682;-0.003480155
/home/mohit/RoboND-Rover-Project/my_testdata/IMG/robocam_2017_09_14_12_07_00_568.jpg;0;1;0;4.984894;105.9434;63.27083;1.437601;111.1915;-0.001647554
/home/mohit/RoboND-Rover-Project/my_testdata/IMG/robocam_2017_09_14_12_07_00_639.jpg;0;1;0;5.009695;105.836;63.55143;1.416575;111.1469;-0.001110245
/home/mohit/RoboND-Rover-Project/my_testdata/IMG/robocam_2017_09_14_12_07_00_703.jpg;0;1;0;5.004073;105.7285;63.83268;1.417692;111.1487;-0.002515587
/home/mohit/RoboND-Rover-Project/my_testdata/IMG/robocam_2017_09_14_12_07_00_770.jpg;0;1;0;5.015897;105.5857;64.20751;1.428907;111.0247;-0.001388001
/home/mohit/RoboND-Rover-Project/my_testdata/IMG/robocam_2017_09_14_12_07_00_836.jpg;0;1;0;5.016042;105.4786;64.48939;1.457751;111.0065;-0.002004109
/home/mohit/RoboND-Rover-Project/my_testdata/IMG/robocam_2017_09_14_12_07_00_902.jpg;0;1;0;5.029037;105.3719;64.77077;1.48244;110.9076;0.000659841
/home/mohit/RoboND-Rover-Project/my_testdata/IMG/robocam_2017_09_14_12_07_00_989.jpg;-1.983604;1;0;5.014009;105.1955;65.24036;1.467136;110.7069;-0.001183451
/home/mohit/RoboND-Rover-Project/my_testdata/IMG/robocam_2017_09_14_12_07_01_045.jpg;-5.773444;1;0;5.033931;105.1273;65.42693;1.403631;110.3748;-0.000140568
/home/mohit/RoboND-Rover-Project/my_testdata/IMG/robocam_2017_09_14_12_07_01_117.jpg;-9.803824;1;0;5.012781;104.9955;65.80444;1.334713;109.0934;359.9788
/home/mohit/RoboND-Rover-Project/my_testdata/IMG/robocam_2017_09_14_12_07_01_178.jpg;-12.77563;1;0;5.007286;104.9044;66.09049;1.293052;107.6087;359.8239
/home/mohit/RoboND-Rover-Project/my_testdata/IMG/robocam_2017_09_14_12_07_01_238.jpg;-8.018832;1;0;5.000355;104.8165;66.37437;1.121493;106.099;359.7321
/home/mohit/RoboND-Rover-Project/my_testdata/IMG/robocam_2017_09_14_12_07_01_304.jpg;-7.971911;1;0;5.010801;104.7366;66.66062;0.925281;104.7428;359.5391
/home/mohit/RoboND-Rover-Project/my_testdata/IMG/robocam_2017_09_14_12_07_01_372.jpg;-3.995004;1;0;5.01163;104.6368;67.04267;0.5918083;103.3867;359.2955
/home/mohit/RoboND-Rover-Project/my_testdata/IMG/robocam_2017_09_14_12_07_01_438.jpg;-0.007696152;1;0;5.012316;104.5658;67.3301;0.3345308;102.8775;359.1288
/home/mohit/RoboND-Rover-Project/my_testdata/IMG/robocam_2017_09_14_12_07_01_504.jpg;0;1;0;5.011507;104.4967;67.61855;0.10562;102.7004;358.9908
/home/mohit/RoboND-Rover-Project/my_testdata/IMG/robocam_2017_09_14_12_07_01_573.jpg;0;1;0;5.011545;104.4059;68.00568;359.9223;102.6642;358.8861
/home/mohit/RoboND-Rover-Project/my_testdata/IMG/robocam_2017_09_14_12_07_01_637.jpg;0;1;0;5.012724;104.3368;68.2995;359.986;102.7037;358.939
/home/mohit/RoboND-Rover-Project/my_testdata/IMG/robocam_2017_09_14_12_07_01_704.jpg;0;1;0;5.012139;104.2687;68.59403;0.07924378;102.7231;359.0154
/home/mohit/RoboND-Rover-Project/my_testdata/IMG/robocam_2017_09_14_12_07_01_769.jpg;0;1;0;5.011694;104.1783;68.9876;0.2431557;102.7461;359.1578
/home/mohit/RoboND-Rover-Project/my_testdata/IMG/robocam_2017_09_14_12_07_01_833.jpg;0;1;0;5.011547;104.1107;69.28355;0.4078877;102.7601;359.2793
/home/mohit/RoboND-Rover-Project/my_testdata/IMG/robocam_2017_09_14_12_07_01_902.jpg;0;1;0;5.01158;104.0429;69.57998;0.6008289;102.7786;359.4136
/home/mohit/RoboND-Rover-Project/my_testdata/IMG/robocam_2017_09_14_12_07_01_968.jpg;0;1;0;5.011609;103.9522;69.97582;0.8958371;102.811;359.6073
/home/mohit/RoboND-Rover-Project/my_testdata/IMG/robocam_2017_09_14_12_07_02_035.jpg;-4.117255;1;0;5.016003;103.8855;70.27321;1.123058;102.6031;359.7374
/home/mohit/RoboND-Rover-Project/my_testdata/IMG/robocam_2017_09_14_12_07_02_102.jpg;-0.1859951;1;0;5.01519;103.8196;70.5702;1.326406;102.3498;359.8692
/home/mohit/RoboND-Rover-Project/my_testdata/IMG/robocam_2017_09_14_12_07_02_171.jpg;-0.3132677;1;0;5.00013;103.7333;70.96615;1.545748;102.0409;0.001593214
/home/mohit/RoboND-Rover-Project/my_testdata/IMG/robocam_2017_09_14_12_07_02_235.jpg;0;1;0;5.012059;103.6716;71.25918;1.449566;101.8448;-0.004114945
/home/mohit/RoboND-Rover-Project/my_testdata/IMG/robocam_2017_09_14_12_07_02_300.jpg;0;1;0;5.011671;103.6111;71.55105;1.322686;101.5906;-0.003157456
/home/mohit/RoboND-Rover-Project/my_testdata/IMG/robocam_2017_09_14_12_07_02_366.jpg;-3.99858;1;0;5.016146;103.5519;71.84449;1.24238;101.3793;-0.001986691
/home/mohit/RoboND-Rover-Project/my_testdata/IMG/robocam_2017_09_14_12_07_02_433.jpg;-7.95001;1;0;4.991364;103.4777;72.23746;1.179983;100.4887;359.9805
/home/mohit/RoboND-Rover-Project/my_testdata/IMG/robocam_2017_09_14_12_07_02_500.jpg;-11.92776;1;0;5.006793;103.4293;72.53351;1.146446;99.27991;359.8433
/home/mohit/RoboND-Rover-Project/my_testdata/IMG/robocam_2017_09_14_12_07_02_566.jpg;-15;1;0;4.9852;103.3885;72.82996;1.084804;97.57455;359.5986
/home/mohit/RoboND-Rover-Project/my_testdata/IMG/robocam_2017_09_14_12_07_02_633.jpg;-15;1;0;5.007869;103.3447;73.22186;0.7488715;94.83267;359.3279
/home/mohit/RoboND-Rover-Project/my_testdata/IMG/robocam_2017_09_14_12_07_02_699.jpg;-15;1;0;5.006757;103.3237;73.51396;0.3299953;92.58047;359.0744
/home/mohit/RoboND-Rover-Project/my_testdata/IMG/robocam_2017_09_14_12_07_02_765.jpg;-15;1;0;5.008104;103.3147;73.80573;359.8877;90.41547;358.6924
/home/mohit/RoboND-Rover-Project/my_testdata/IMG/robocam_2017_09_14_12_07_02_832.jpg;-10.98463;1;0;5.001615;103.309;74.20064;359.6455;88.22812;358.5244
/home/mohit/RoboND-Rover-Project/my_testdata/IMG/robocam_2017_09_14_12_07_02_898.jpg;-6.922202;1;0;5.001637;103.3098;74.50202;359.7416;87.09683;358.6742
/home/mohit/RoboND-Rover-Project/my_testdata/IMG/robocam_2017_09_14_12_07_02_965.jpg;-2.996521;1;0;5.026513;103.3177;74.80761;0.03913936;86.29043;358.9158
/home/mohit/RoboND-Rover-Project/my_testdata/IMG/robocam_2017_09_14_12_07_03_032.jpg;0;1;0;5.012263;103.3389;75.21491;0.4136279;85.56835;359.2165
/home/mohit/RoboND-Rover-Project/my_testdata/IMG/robocam_2017_09_14_12_07_03_099.jpg;3.991327;1;0;5.011965;103.3581;75.51945;0.6577882;85.56499;359.4185
/home/mohit/RoboND-Rover-Project/my_testdata/IMG/robocam_2017_09_14_12_07_03_165.jpg;7.995358;1;0;5.015608;103.3759;75.82387;0.8998445;86.10827;359.6524
/home/mohit/RoboND-Rover-Project/my_testdata/IMG/robocam_2017_09_14_12_07_03_231.jpg;4.005175;1;0;5.00859;103.3964;76.23048;1.248077;87.09835;359.9934
/home/mohit/RoboND-Rover-Project/my_testdata/IMG/robocam_2017_09_14_12_07_03_298.jpg;0.04102707;1;0;5.011858;103.413;76.53414;1.438288;87.49933;0.1107335
/home/mohit/RoboND-Rover-Project/my_testdata/IMG/robocam_2017_09_14_12_07_03_364.jpg;0;1;0;5.010351;103.4313;76.83481;1.461981;87.65019;0.0579004
/home/mohit/RoboND-Rover-Project/my_testdata/IMG/robocam_2017_09_14_12_07_03_432.jpg;2.085228;1;0;5.052689;103.451;77.23245;1.343502;87.8016;-0.002748171
/home/mohit/RoboND-Rover-Project/my_testdata/IMG/robocam_2017_09_14_12_07_03_497.jpg;2.136068;1;0;5.007503;103.4626;77.53231;1.30458;88.09957;-0.002170749
/home/mohit/RoboND-Rover-Project/my_testdata/IMG/robocam_2017_09_14_12_07_03_564.jpg;2.073255;1;0;5.00908;103.472;77.83274;1.286471;88.47584;0.02985879
/home/mohit/RoboND-Rover-Project/my_testdata/IMG/robocam_2017_09_14_12_07_03_631.jpg;0;1;0;5.020081;103.4843;78.23395;1.293969;88.64973;0.05930698
/home/mohit/RoboND-Rover-Project/my_testdata/IMG/robocam_2017_09_14_12_07_03_697.jpg;0;1;0;4.98455;103.4933;78.53431;1.302927;88.66943;0.07246076
/home/mohit/RoboND-Rover-Project/my_testdata/IMG/robocam_2017_09_14_12_07_03_764.jpg;0;1;0;5.018009;103.5022;78.83544;1.334895;88.6376;0.07411455
/home/mohit/RoboND-Rover-Project/my_testdata/IMG/robocam_2017_09_14_12_07_03_831.jpg;0;1;0;4.992945;103.5144;79.23746;1.396435;88.57526;0.04748233
/home/mohit/RoboND-Rover-Project/my_testdata/IMG/robocam_2017_09_14_12_07_03_898.jpg;0;1;0;5.007643;103.5237;79.53904;1.453998;88.52058;0.006345687
/home/mohit/RoboND-Rover-Project/my_testdata/IMG/robocam_2017_09_14_12_07_03_964.jpg;0;1;0;4.993323;103.5325;79.84078;1.513406;88.48083;-0.002552178
/home/mohit/RoboND-Rover-Project/my_testdata/IMG/robocam_2017_09_14_12_07_04_031.jpg;0;1;0;5.007094;103.5444;80.24059;1.458496;88.43988;-0.001551594
/home/mohit/RoboND-Rover-Project/my_testdata/IMG/robocam_2017_09_14_12_07_04_097.jpg;0;1;0;5.010068;103.5537;80.54059;1.417611;88.40668;-0.001454867
/home/mohit/RoboND-Rover-Project/my_testdata/IMG/robocam_2017_09_14_12_07_04_163.jpg;0;1;0;5.008419;103.5633;80.84106;1.397606;88.37733;-0.001546172
/home/mohit/RoboND-Rover-Project/my_testdata/IMG/robocam_2017_09_14_12_07_04_231.jpg;0;1;0;5.022816;103.5763;81.24174;1.391362;88.31628;-0.001340048
/home/mohit/RoboND-Rover-Project/my_testdata/IMG/robocam_2017_09_14_12_07_04_296.jpg;0;1;0;5.014129;103.5864;81.54285;1.408776;88.28548;-0.001541653
/home/mohit/RoboND-Rover-Project/my_testdata/IMG/robocam_2017_09_14_12_07_04_363.jpg;0;1;0;5.020601;103.5966;81.84377;1.431805;88.24142;-0.001058903
/home/mohit/RoboND-Rover-Project/my_testdata/IMG/robocam_2017_09_14_12_07_04_431.jpg;0;1;0;4.984399;103.6106;82.24537;1.477767;88.17856;-0.001669049
/home/mohit/RoboND-Rover-Project/my_testdata/IMG/robocam_2017_09_14_12_07_04_497.jpg;0;1;0;5.009292;103.6214;82.54672;1.518827;88.13821;-0.001331911
/home/mohit/RoboND-Rover-Project/my_testdata/IMG/robocam_2017_09_14_12_07_04_563.jpg;0;1;0;5.0358;103.6323;82.84537;1.423606;88.08305;-0.0007426871
/home/mohit/RoboND-Rover-Project/my_testdata/IMG/robocam_2017_09_14_12_07_04_631.jpg;-2.037363;1;0;5.013214;103.6478;83.24512;1.361943;87.96478;-0.001229214
/home/mohit/RoboND-Rover-Project/my_testdata/IMG/robocam_2017_09_14_12_07_04_696.jpg;-6.052437;1;0;5.008381;103.6618;83.54507;1.336264;87.48215;0.0004948063
/home/mohit/RoboND-Rover-Project/my_testdata/IMG/robocam_2017_09_14_12_07_04_762.jpg;-6.003599;1;0;4.987161;103.6792;83.84501;1.324419;86.62222;-0.0009908089
/home/mohit/RoboND-Rover-Project/my_testdata/IMG/robocam_2017_09_14_12_07_04_829.jpg;-6.083808;1;0;5.007953;103.7063;84.24533;1.33744;85.661;359.9465
/home/mohit/RoboND-Rover-Project/my_testdata/IMG/robocam_2017_09_14_12_07_04_896.jpg;-6.107283;1;0;5.025066;103.7307;84.54505;1.338505;84.91124;359.8478
/home/mohit/RoboND-Rover-Project/my_testdata/IMG/robocam_2017_09_14_12_07_04_962.jpg;-10.11013;1;0;5.007845;103.7588;84.84293;1.229458;83.83301;359.7832
/home/mohit/RoboND-Rover-Project/my_testdata/IMG/robocam_2017_09_14_12_07_05_030.jpg;-10.14001;1;0;5.004089;103.8063;85.23635;1.001495;82.28688;359.5858
/home/mohit/RoboND-Rover-Project/my_testdata/IMG/robocam_2017_09_14_12_07_05_096.jpg;-14.12264;1;0;5.001977;103.8502;85.52891;0.7544746;80.66276;359.3958
/home/mohit/RoboND-Rover-Project/my_testdata/IMG/robocam_2017_09_14_12_07_05_163.jpg;-15;1;0;5.009593;103.9033;85.81854;0.4290567;78.72752;359.1289
/home/mohit/RoboND-Rover-Project/my_testdata/IMG/robocam_2017_09_14_12_07_05_229.jpg;-15;1;0;5.008769;103.9874;86.20045;359.9342;76.00095;358.7253
/home/mohit/RoboND-Rover-Project/my_testdata/IMG/robocam_2017_09_14_12_07_05_296.jpg;-15;1;0;5.002182;104.0582;86.48887;359.8015;74.18595;358.5721
/home/mohit/RoboND-Rover-Project/my_testdata/IMG/robocam_2017_09_14_12_07_05_363.jpg;-15;1;0;5.000921;104.1361;86.78011;359.9243;72.47016;358.6364
/home/mohit/RoboND-Rover-Project/my_testdata/IMG/robocam_2017_09_14_12_07_05_429.jpg;-15;1;0;5.032444;104.2554;87.1638;0.03831771;69.8027;358.8105
/home/mohit/RoboND-Rover-Project/my_testdata/IMG/robocam_2017_09_14_12_07_05_496.jpg;-15;1;0;5.011538;104.3597;87.44427;359.9916;67.6087;358.8525
/home/mohit/RoboND-Rover-Project/my_testdata/IMG/robocam_2017_09_14_12_07_05_562.jpg;-11.01126;1;0;5.011125;104.4761;87.72069;0.00261791;65.69551;358.7712
/home/mohit/RoboND-Rover-Project/my_testdata/IMG/robocam_2017_09_14_12_07_05_629.jpg;-7.029419;1;0;5.003245;104.6386;88.08672;0.0176606;63.79317;358.9023
/home/mohit/RoboND-Rover-Project/my_testdata/IMG/robocam_2017_09_14_12_07_05_696.jpg;-11.02505;1;0;5.010362;104.7721;88.35538;0.01110981;62.41399;358.873
/home/mohit/RoboND-Rover-Project/my_testdata/IMG/robocam_2017_09_14_12_07_05_762.jpg;-10.99397;1;0;5.009657;104.9121;88.62078;0.007665474;61.09718;358.8428
/home/mohit/RoboND-Rover-Project/my_testdata/IMG/robocam_2017_09_14_12_07_05_828.jpg;-6.962271;1;0;5.011962;105.1069;88.97044;0.005378801;59.48697;358.8812
/home/mohit/RoboND-Rover-Project/my_testdata/IMG/robocam_2017_09_14_12_07_05_896.jpg;-2.995191;1;0;5.011436;105.2587;89.2298;0.01173253;58.64698;358.9223
/home/mohit/RoboND-Rover-Project/my_testdata/IMG/robocam_2017_09_14_12_07_05_961.jpg;0;1;0;5.011592;105.4137;89.48781;0.03538343;58.22002;358.9673
/home/mohit/RoboND-Rover-Project/my_testdata/IMG/robocam_2017_09_14_12_07_06_030.jpg;0;1;0;5.011621;105.6235;89.83069;0.09701829;58.02275;359.038
/home/mohit/RoboND-Rover-Project/my_testdata/IMG/robocam_2017_09_14_12_07_06_096.jpg;0;1;0;5.011526;105.7825;90.08771;0.1840363;57.98209;359.1002
/home/mohit/RoboND-Rover-Project/my_testdata/IMG/robocam_2017_09_14_12_07_06_165.jpg;0;1;0;5.00553;105.9427;90.34531;0.3312702;57.96557;359.1646
/home/mohit/RoboND-Rover-Project/my_testdata/IMG/robocam_2017_09_14_12_07_06_229.jpg;0;1;0;5.017073;106.1563;90.68889;0.5369791;57.96898;359.3116
/home/mohit/RoboND-Rover-Project/my_testdata/IMG/robocam_2017_09_14_12_07_06_296.jpg;0;1;0;5.006716;106.3163;90.94662;0.6949362;57.98516;359.4557
/home/mohit/RoboND-Rover-Project/my_testdata/IMG/robocam_2017_09_14_12_07_06_361.jpg;0;1;0;5.007788;106.4768;91.20476;0.8775943;57.99813;359.6042
/home/mohit/RoboND-Rover-Project/my_testdata/IMG/robocam_2017_09_14_12_07_06_428.jpg;0;1;0;5.014181;106.6909;91.54932;1.139947;58.03378;359.8088
/home/mohit/RoboND-Rover-Project/my_testdata/IMG/robocam_2017_09_14_12_07_06_494.jpg;-4.04892;1;0;5.001555;106.8524;91.80663;1.333237;57.85693;359.9341
/home/mohit/RoboND-Rover-Project/my_testdata/IMG/robocam_2017_09_14_12_07_06_562.jpg;-8.019433;1;0;5.014701;107.0169;92.06229;1.514511;57.26787;0.0002086338
/home/mohit/RoboND-Rover-Project/my_testdata/IMG/robocam_2017_09_14_12_07_06_629.jpg;-4.005861;1;0;5.008062;107.2367;92.39461;1.40604;56.16368;0.003208006
/home/mohit/RoboND-Rover-Project/my_testdata/IMG/robocam_2017_09_14_12_07_06_694.jpg;-8.000722;1;0;4.994153;107.4058;92.64168;1.349093;55.34563;359.9909
/home/mohit/RoboND-Rover-Project/my_testdata/IMG/robocam_2017_09_14_12_07_06_760.jpg;-11.97248;1;0;5.012329;107.5807;92.8852;1.29761;54.16137;359.8698
/home/mohit/RoboND-Rover-Project/my_testdata/IMG/robocam_2017_09_14_12_07_06_827.jpg;-15;1;0;5.004037;107.8212;93.20097;1.090511;51.77701;359.6157
/home/mohit/RoboND-Rover-Project/my_testdata/IMG/robocam_2017_09_14_12_07_06_894.jpg;-15;1;0;5.009546;108.0074;93.42973;0.7759009;49.63343;359.4068
/home/mohit/RoboND-Rover-Project/my_testdata/IMG/robocam_2017_09_14_12_07_06_960.jpg;-15;1;0;5.008676;108.2006;93.65019;0.3849293;47.45364;359.0999
/home/mohit/RoboND-Rover-Project/my_testdata/IMG/robocam_2017_09_14_12_07_07_026.jpg;-11.00502;1;0;5.009876;108.3999;93.86326;359.9235;45.455;358.7414
/home/mohit/RoboND-Rover-Project/my_testdata/IMG/robocam_2017_09_14_12_07_07_093.jpg;-7.034154;1;0;5.002506;108.6741;94.14794;359.6798;43.77261;358.5663
/home/mohit/RoboND-Rover-Project/my_testdata/IMG/robocam_2017_09_14_12_07_07_160.jpg;-7.062964;1;0;5.002821;108.8853;94.3633;359.7744;43.00911;358.768
/home/mohit/RoboND-Rover-Project/my_testdata/IMG/robocam_2017_09_14_12_07_07_226.jpg;-11.02903;1;0;5.044155;109.1069;94.5742;0.07161544;41.85029;358.9359
/home/mohit/RoboND-Rover-Project/my_testdata/IMG/robocam_2017_09_14_12_07_07_293.jpg;-6.969137;1;0;5.009077;109.4102;94.84191;0.3185827;40.05603;359.0319
/home/mohit/RoboND-Rover-Project/my_testdata/IMG/robocam_2017_09_14_12_07_07_359.jpg;-3.030968;1;0;5.009119;109.6393;95.03702;0.338536;38.97107;359.1511
/home/mohit/RoboND-Rover-Project/my_testdata/IMG/robocam_2017_09_14_12_07_07_426.jpg;-7.022524;1;0;5.011292;109.8731;95.22595;0.3486345;38.10072;359.1603
/home/mohit/RoboND-Rover-Project/my_testdata/IMG/robocam_2017_09_14_12_07_07_492.jpg;-11.05092;1;0;5.010851;110.1912;95.46816;0.3115103;36.5414;359.0518
/home/mohit/RoboND-Rover-Project/my_testdata/IMG/robocam_2017_09_14_12_07_07_559.jpg;-15;1;0;5.009271;110.433;95.6413;0.162958;34.82764;358.944
/home/mohit/RoboND-Rover-Project/my_testdata/IMG/robocam_2017_09_14_12_07_07_626.jpg;-15;1;0;5.009745;110.6794;95.80643;359.977;32.83722;358.7946
/home/mohit/RoboND-Rover-Project/my_testdata/IMG/robocam_2017_09_14_12_07_07_693.jpg;-11.00063;1;0;5.015346;111.018;96.02034;0.01886504;30.53644;358.6997
/home/mohit/RoboND-Rover-Project/my_testdata/IMG/robocam_2017_09_14_12_07_07_759.jpg;-7.018619;1;0;5.00428;111.2737;96.17611;359.9901;29.27902;358.8297
/home/mohit/RoboND-Rover-Project/my_testdata/IMG/robocam_2017_09_14_12_07_07_825.jpg;-2.976179;1;0;5.018688;111.535;96.3261;0.02764786;28.27272;358.9651
/home/mohit/RoboND-Rover-Project/my_testdata/IMG/robocam_2017_09_14_12_07_07_892.jpg;0;1;0;5.010985;111.888;96.51794;0.08432395;27.67777;359.0197
/home/mohit/RoboND-Rover-Project/my_testdata/IMG/robocam_2017_09_14_12_07_07_959.jpg;0;1;0;5.011596;112.1543;96.6598;0.1448917;27.53681;359.0632
/home/mohit/RoboND-Rover-Project/my_testdata/IMG/robocam_2017_09_14_12_07_08_025.jpg;0;1;0;5.011674;112.4215;96.80086;0.2257233;27.48749;359.1263
/home/mohit/RoboND-Rover-Project/my_testdata/IMG/robocam_2017_09_14_12_07_08_092.jpg;0;1;0;5.005785;112.7793;96.98837;0.4027438;27.46984;359.222
/home/mohit/RoboND-Rover-Project/my_testdata/IMG/robocam_2017_09_14_12_07_08_159.jpg;0;1;0;5.017234;113.0482;97.12907;0.5561905;27.46693;359.3266
/home/mohit/RoboND-Rover-Project/my_testdata/IMG/robocam_2017_09_14_12_07_08_225.jpg;0;1;0;5.01632;113.3168;97.26982;0.7052742;27.48194;359.4651
/home/mohit/RoboND-Rover-Project/my_testdata/IMG/robocam_2017_09_14_12_07_08_292.jpg;0;1;0;5.007805;113.6756;97.45767;0.9359212;27.50523;359.659
/home/mohit/RoboND-Rover-Project/my_testdata/IMG/robocam_2017_09_14_12_07_08_358.jpg;0;1;0;5.014174;113.9452;97.5989;1.132959;27.53045;359.8061
/home/mohit/RoboND-Rover-Project/my_testdata/IMG/robocam_2017_09_14_12_07_08_425.jpg;0;1;0;5.026147;114.2141;97.74022;1.324418;27.59136;359.9609
/home/mohit/RoboND-Rover-Project/my_testdata/IMG/robocam_2017_09_14_12_07_08_491.jpg;0;1;0;5.014711;114.5742;97.92654;1.56224;27.5662;-0.001202667
/home/mohit/RoboND-Rover-Project/my_testdata/IMG/robocam_2017_09_14_12_07_08_558.jpg;0;1;0;5.005804;114.8395;98.06328;1.435442;27.53233;-0.004727602
/home/mohit/RoboND-Rover-Project/my_testdata/IMG/robocam_2017_09_14_12_07_08_625.jpg;0;1;0;4.897318;115.102;98.19861;1.214071;27.50037;-0.0005872079
/home/mohit/RoboND-Rover-Project/my_testdata/IMG/robocam_2017_09_14_12_07_08_691.jpg;0;1;0;5.006781;115.4556;98.38068;1.042555;27.45553;-0.0009414414
/home/mohit/RoboND-Rover-Project/my_testdata/IMG/robocam_2017_09_14_12_07_08_758.jpg;0;1;0;5.012916;115.7219;98.51782;0.9685943;27.43073;-0.00105755
/home/mohit/RoboND-Rover-Project/my_testdata/IMG/robocam_2017_09_14_12_07_08_824.jpg;0;1;0;5.018646;115.9886;98.65514;0.9323924;27.38458;-0.0004922656
/home/mohit/RoboND-Rover-Project/my_testdata/IMG/robocam_2017_09_14_12_07_08_891.jpg;0;1;0;4.983217;116.3452;98.83854;0.9375206;27.31375;-0.00115523
/home/mohit/RoboND-Rover-Project/my_testdata/IMG/robocam_2017_09_14_12_07_08_958.jpg;0;1;0;5.006478;116.6132;98.97614;0.9762508;27.27942;-0.0008096282
/home/mohit/RoboND-Rover-Project/my_testdata/IMG/robocam_2017_09_14_12_07_09_024.jpg;0;1;0;4.984796;116.8816;99.11369;1.032496;27.23196;-0.001410823
/home/mohit/RoboND-Rover-Project/my_testdata/IMG/robocam_2017_09_14_12_07_09_091.jpg;0;1;0;5.006598;117.2402;99.29711;1.139593;27.19687;-0.001064012
/home/mohit/RoboND-Rover-Project/my_testdata/IMG/robocam_2017_09_14_12_07_09_157.jpg;0;1;0;5.027277;117.5095;99.43446;1.22623;27.15813;-0.001557213
/home/mohit/RoboND-Rover-Project/my_testdata/IMG/robocam_2017_09_14_12_07_09_225.jpg;0;1;0;5.00742;117.7792;99.5718;1.32478;27.13534;-0.001612462
/home/mohit/RoboND-Rover-Project/my_testdata/IMG/robocam_2017_09_14_12_07_09_291.jpg;0;1;0;5.02423;118.1386;99.75433;1.446012;27.08193;-0.001604591
/home/mohit/RoboND-Rover-Project/my_testdata/IMG/robocam_2017_09_14_12_07_09_358.jpg;0;1;0;5.014362;118.4085;99.89109;1.539132;27.05202;-0.001736455
/home/mohit/RoboND-Rover-Project/my_testdata/IMG/robocam_2017_09_14_12_07_09_424.jpg;0;1;0;5.021601;118.6758;100.0262;1.451231;26.94374;0.001081117
/home/mohit/RoboND-Rover-Project/my_testdata/IMG/robocam_2017_09_14_12_07_09_490.jpg;0;1;0;5.019333;119.0313;100.2056;1.323228;26.66781;0.01059479
/home/mohit/RoboND-Rover-Project/my_testdata/IMG/robocam_2017_09_14_12_07_09_557.jpg;0;1;0;5.025752;119.3;100.34;1.284256;26.56532;-0.001349728
/home/mohit/RoboND-Rover-Project/my_testdata/IMG/robocam_2017_09_14_12_07_09_624.jpg;0;1;0;4.984398;119.5688;100.474;1.266324;26.47853;-0.00221571
/home/mohit/RoboND-Rover-Project/my_testdata/IMG/robocam_2017_09_14_12_07_09_691.jpg;0;1;0;5.008399;119.9282;100.6525;1.280797;26.44158;-0.001907113
/home/mohit/RoboND-Rover-Project/my_testdata/IMG/robocam_2017_09_14_12_07_09_757.jpg;0;1;0;5.022615;120.1983;100.7861;1.308206;26.402;-0.002049804
/home/mohit/RoboND-Rover-Project/my_testdata/IMG/robocam_2017_09_14_12_07_09_823.jpg;2.048349;1;0;5.00816;120.4688;100.9197;1.352771;26.41344;-0.002113359
/home/mohit/RoboND-Rover-Project/my_testdata/IMG/robocam_2017_09_14_12_07_09_891.jpg;6.039119;1;0;5.022867;120.8279;101.1004;1.412628;26.90313;0.01095564
/home/mohit/RoboND-Rover-Project/my_testdata/IMG/robocam_2017_09_14_12_07_09_958.jpg;10.07647;1;0;5.014132;121.0946;101.2403;1.433;27.8167;0.07966254
/home/mohit/RoboND-Rover-Project/my_testdata/IMG/robocam_2017_09_14_12_07_10_024.jpg;14.06802;1;0;5.033738;121.3568;101.3842;1.330392;29.40408;0.1479169
/home/mohit/RoboND-Rover-Project/my_testdata/IMG/robocam_2017_09_14_12_07_10_091.jpg;15;1;0;5.009235;121.696;101.5874;1.029673;32.06934;0.3937422
/home/mohit/RoboND-Rover-Project/my_testdata/IMG/robocam_2017_09_14_12_07_10_158.jpg;15;1;0;5.008923;121.9428;101.7477;0.6920819;34.1895;0.6596706
/home/mohit/RoboND-Rover-Project/my_testdata/IMG/robocam_2017_09_14_12_07_10_224.jpg;15;1;0;5.006726;122.1823;101.9156;0.2661775;36.35261;1.000643
/home/mohit/RoboND-Rover-Project/my_testdata/IMG/robocam_2017_09_14_12_07_10_291.jpg;15;1;0;5.005225;122.4939;102.1505;359.7447;39.00614;1.430909
/home/mohit/RoboND-Rover-Project/my_testdata/IMG/robocam_2017_09_14_12_07_10_358.jpg;15;1;0;5.000808;122.7285;102.3349;359.6924;40.70573;1.487847
/home/mohit/RoboND-Rover-Project/my_testdata/IMG/robocam_2017_09_14_12_07_10_425.jpg;15;1;0;5.000197;122.9599;102.528;359.8187;42.38801;1.45769
/home/mohit/RoboND-Rover-Project/my_testdata/IMG/robocam_2017_09_14_12_07_10_490.jpg;15;1;0;5.000987;123.2606;102.7981;0.07684173;45.01104;1.206919
/home/mohit/RoboND-Rover-Project/my_testdata/IMG/robocam_2017_09_14_12_07_10_557.jpg;15;1;0;5.007829;123.4726;103.0101;0.05828578;47.42078;1.091855
/home/mohit/RoboND-Rover-Project/my_testdata/IMG/robocam_2017_09_14_12_07_10_624.jpg;15;1;0;5.008348;123.6718;103.2324;359.9924;49.78459;1.198981
/home/mohit/RoboND-Rover-Project/my_testdata/IMG/robocam_2017_09_14_12_07_10_692.jpg;10.99597;1;0;5.00264;123.9284;103.5391;0.004020554;52.32194;1.273011
/home/mohit/RoboND-Rover-Project/my_testdata/IMG/robocam_2017_09_14_12_07_10_758.jpg;7.012439;1;0;5.004196;124.1163;103.7728;0.007644636;53.63693;1.12779
/home/mohit/RoboND-Rover-Project/my_testdata/IMG/robocam_2017_09_14_12_07_10_825.jpg;11.03675;1;0;5.012333;124.2951;104.0156;0.06928517;55.0551;1.10523
/home/mohit/RoboND-Rover-Project/my_testdata/IMG/robocam_2017_09_14_12_07_10_892.jpg;15;1;0;5.008448;124.5188;104.3457;0.006185296;57.33246;1.178964
/home/mohit/RoboND-Rover-Project/my_testdata/IMG/robocam_2017_09_14_12_07_10_958.jpg;15;1;0;5.010426;124.6782;104.6001;0.02078448;59.23782;1.2255
/home/mohit/RoboND-Rover-Project/my_testdata/IMG/robocam_2017_09_14_12_07_11_025.jpg;15;1;0;5.0039;124.8308;104.8577;0.01627541;61.07965;1.20567
/home/mohit/RoboND-Rover-Project/my_testdata/IMG/robocam_2017_09_14_12_07_11_091.jpg;15;1;0;5.004729;125.0205;105.2096;0.005468554;63.71177;1.154645
/home/mohit/RoboND-Rover-Project/my_testdata/IMG/robocam_2017_09_14_12_07_11_158.jpg;11.06059;1;0;5.012261;125.1522;105.479;0.0006827255;65.56346;1.155171
/home/mohit/RoboND-Rover-Project/my_testdata/IMG/robocam_2017_09_14_12_07_11_226.jpg;7.064338;1;0;5.009853;125.2767;105.752;0.0008298947;67.06055;1.144097
/home/mohit/RoboND-Rover-Project/my_testdata/IMG/robocam_2017_09_14_12_07_11_290.jpg;3.072066;1;0;5.01038;125.4342;106.1202;0.001986491;68.33733;1.098588
/home/mohit/RoboND-Rover-Project/my_testdata/IMG/robocam_2017_09_14_12_07_11_358.jpg;0;1;0;5.012538;125.5478;106.3988;0.01569;68.76881;1.055276
/home/mohit/RoboND-Rover-Project/my_testdata/IMG/robocam_2017_09_14_12_07_11_424.jpg;0;1;0;5.010946;125.6591;106.6788;0.05318134;68.92434;1.008828
/home/mohit/RoboND-Rover-Project/my_testdata/IMG/robocam_2017_09_14_12_07_11_490.jpg;0;1;0;5.011652;125.8057;107.0537;0.1468056;68.98917;0.9288413
/home/mohit/RoboND-Rover-Project/my_testdata/IMG/robocam_2017_09_14_12_07_11_557.jpg;0;1;0;5.011109;125.9151;107.3361;0.2718657;69.00389;0.858519
/home/mohit/RoboND-Rover-Project/my_testdata/IMG/robocam_2017_09_14_12_07_11_624.jpg;0;1;0;5.005987;126.0246;107.6192;0.4264002;69.00806;0.7615502
/home/mohit/RoboND-Rover-Project/my_testdata/IMG/robocam_2017_09_14_12_07_11_690.jpg;0;1;0;5.01691;126.1707;107.9966;0.6433336;68.99756;0.5862388
/home/mohit/RoboND-Rover-Project/my_testdata/IMG/robocam_2017_09_14_12_07_11_757.jpg;1.997581;1;0;5.007411;126.2797;108.2801;0.8203856;69.06035;0.4526404
/home/mohit/RoboND-Rover-Project/my_testdata/IMG/robocam_2017_09_14_12_07_11_823.jpg;6.016974;1;0;5.008448;126.3865;108.5648;1.008927;69.43759;0.3569898
/home/mohit/RoboND-Rover-Project/my_testdata/IMG/robocam_2017_09_14_12_07_11_890.jpg;9.982867;1;0;5.015807;126.5222;108.9452;1.176649;70.6674;0.2787874
/home/mohit/RoboND-Rover-Project/my_testdata/IMG/robocam_2017_09_14_12_07_11_956.jpg;10.02132;1;0;4.998314;126.6171;109.2306;1.18319;72.0722;0.2569396
/home/mohit/RoboND-Rover-Project/my_testdata/IMG/robocam_2017_09_14_12_07_12_023.jpg;13.99326;1;0;5.015304;126.7042;109.5166;1.109214;73.65977;0.3230539
/home/mohit/RoboND-Rover-Project/my_testdata/IMG/robocam_2017_09_14_12_07_12_090.jpg;13.98259;1;0;4.981031;126.8074;109.8995;0.8815334;76.2449;0.5047856
/home/mohit/RoboND-Rover-Project/my_testdata/IMG/robocam_2017_09_14_12_07_12_157.jpg;15;1;0;5.008836;126.873;110.187;0.5836386;78.29293;0.7392607
/home/mohit/RoboND-Rover-Project/my_testdata/IMG/robocam_2017_09_14_12_07_12_223.jpg;15;1;0;5.008959;126.928;110.475;0.2015816;80.43613;1.055721
/home/mohit/RoboND-Rover-Project/my_testdata/IMG/robocam_2017_09_14_12_07_12_290.jpg;15;1;0;5.007842;126.9886;110.8613;359.7196;83.07807;1.43002
/home/mohit/RoboND-Rover-Project/my_testdata/IMG/robocam_2017_09_14_12_07_12_356.jpg;15;1;0;5.000984;127.0286;111.1573;359.6897;84.76748;1.462962
/home/mohit/RoboND-Rover-Project/my_testdata/IMG/robocam_2017_09_14_12_07_12_422.jpg;15;1;0;5.000431;127.0605;111.4575;359.8356;86.44987;1.40383
/home/mohit/RoboND-Rover-Project/my_testdata/IMG/robocam_2017_09_14_12_07_12_491.jpg;15;1;0;5.001531;127.0874;111.8628;0.1807724;89.01794;1.177636
/home/mohit/RoboND-Rover-Project/my_testdata/IMG/robocam_2017_09_14_12_07_12_557.jpg;12.9432;1;0;5.00914;127.092;112.1634;0.2387263;91.35898;1.100025
/home/mohit/RoboND-Rover-Project/my_testdata/IMG/robocam_2017_09_14_12_07_12_707.jpg;10.98942;1;0;5.006508;127.0578;112.8565;359.9197;95.96936;1.254848
/home/mohit/RoboND-Rover-Project/my_testdata/IMG/robocam_2017_09_14_12_07_12_790.jpg;15;1;0;5.00223;127.0021;113.3541;359.9882;98.75183;1.288626
/home/mohit/RoboND-Rover-Project/my_testdata/IMG/robocam_2017_09_14_12_07_12_841.jpg;15;1;0;5.003335;126.9744;113.5521;-0.003240351;99.85913;1.200948
/home/mohit/RoboND-Rover-Project/my_testdata/IMG/robocam_2017_09_14_12_07_12_907.jpg;15;1;0;5.006284;126.9008;113.9456;0.009578513;102.5763;1.158822
/home/mohit/RoboND-Rover-Project/my_testdata/IMG/robocam_2017_09_14_12_07_12_985.jpg;15;1;0;5.007977;126.8334;114.2376;0.005051258;104.5835;1.172194
/home/mohit/RoboND-Rover-Project/my_testdata/IMG/robocam_2017_09_14_12_07_13_058.jpg;15;1;0;5.007358;126.7284;114.6232;0.002153124;107.2733;1.184449
/home/mohit/RoboND-Rover-Project/my_testdata/IMG/robocam_2017_09_14_12_07_13_123.jpg;13.12038;1;0;5.01311;126.6372;114.9087;0.003421631;109.2631;1.239864
/home/mohit/RoboND-Rover-Project/my_testdata/IMG/robocam_2017_09_14_12_07_13_190.jpg;13.11162;1;0;5.002897;126.5054;115.2866;0.01700134;111.5392;1.129987
/home/mohit/RoboND-Rover-Project/my_testdata/IMG/robocam_2017_09_14_12_07_13_257.jpg;13.00632;1;0;5.009427;126.393;115.5645;0.01270251;113.3897;1.163533
/home/mohit/RoboND-Rover-Project/my_testdata/IMG/robocam_2017_09_14_12_07_13_323.jpg;15;1;0;5.007966;126.2722;115.8388;0.006954627;115.2728;1.189217
/home/mohit/RoboND-Rover-Project/my_testdata/IMG/robocam_2017_09_14_12_07_13_390.jpg;15;1;0;5.016116;126.0976;116.1984;0.01309499;117.8568;1.193814
/home/mohit/RoboND-Rover-Project/my_testdata/IMG/robocam_2017_09_14_12_07_13_459.jpg;15;1;0;5.005582;125.9569;116.4632;0.0160169;119.859;1.150354
/home/mohit/RoboND-Rover-Project/my_testdata/IMG/robocam_2017_09_14_12_07_13_524.jpg;15;0.9051492;0;5.00852;125.8055;116.7218;0.007255342;121.9113;1.1902
/home/mohit/RoboND-Rover-Project/my_testdata/IMG/robocam_2017_09_14_12_07_13_591.jpg;15;0.7039206;0;5.00276;125.5917;117.0592;0.009869116;124.6089;1.16639
/home/mohit/RoboND-Rover-Project/my_testdata/IMG/robocam_2017_09_14_12_07_13_657.jpg;15;0.5036862;0;5.003275;125.4203;117.3045;0.003349034;126.6288;1.205424
/home/mohit/RoboND-Rover-Project/my_testdata/IMG/robocam_2017_09_14_12_07_13_722.jpg;15;0.3070388;0;4.997018;125.2406;117.5434;-0.0020938;128.6056;1.244302
/home/mohit/RoboND-Rover-Project/my_testdata/IMG/robocam_2017_09_14_12_07_13_790.jpg;10.9668;0.1053789;0;4.985322;124.9919;117.8537;359.9908;131.0096;1.189048
/home/mohit/RoboND-Rover-Project/my_testdata/IMG/robocam_2017_09_14_12_07_13_856.jpg;6.982684;0;0;4.974092;124.7981;118.0796;0.006985843;132.3955;1.125392
